INDICADORA_GEOG1;INDICADORA_A00;INDICADORA_A01;INDICADORA_B00;INDICADORA_B01;INDICADORA_C00;INDICADORA_C01;INDICADORA_C02;INDICADORA_C03;INDICADORA_C04;INDICADORA_C05;INDICADORA_C06;INDICADORA_C07;INDICADORA_C08;INDICADORA_C09;INDICADORA_C10;V884;V878;V1883
76;9999;;9999;;9999;;;;;;;;;;;432960,9445066899221;2311,503337320410949116073050349755986906;1475168,0413446506616
76;9999;;9999;;;1;;;;;;;;;;291348,621187182366;2453,540127334601567919101305269582590837;1009792,8685255964419
76;9999;;9999;;;;2;;;;;;;;;390884,0135077422034;2435,667532324182386996162239367658859048;1349929,8410760691878
76;9999;;9999;;;;;3;;;;;;;;134150,5196948240934;3727,78053400237269385095349162305876325;470198,472134598587
76;9999;;9999;;;;;;4;;;;;;;407217,2412335793364;2388,996315932027330767786201303292059293;1395385,296150939912
76;9999;;9999;;;;;;;5;;;;;;359428,0910651704738;2553,128327861531543899450665057860768591;1244086,5490728094471
76;9999;;9999;;;;;;;;6;;;;;89329,7997412526353;4577,936935384787639151861776245763202226;321129,8607195111071
76;9999;;9999;;;;;;;;;7;;;;128251,0551889358148;4236,347175296141755015153880955676467178;457596,6798380929693
76;9999;;9999;;;;;;;;;;9;;;194390,0813185761245;2339,879599971937578542033826675366749551;693676,2259889722532
76;9999;;9999;;;;;;;;;;;10;;123492,3957791271639;4521,676190593874738374282225060020848173;436250,0811712171953
76;9999;;9999;;;;;;;;;;;;8;99809,0813351108815;4679,61248050879486765534073394927790652;355501,1933302060496
76;9999;;;1;9999;;;;;;;;;;;5389,9860150653895;968,04778777289889185017190214571701155;14618,0806309859269
76;9999;;;1;;1;;;;;;;;;;2354,6613547425886;898,136371903832251785814068918347241325;6415,5446680644589
76;9999;;;1;;;2;;;;;;;;;3450,8507661035047;1018,27928752147894764362452234998531284;10493,9014811911863
76;9999;;;1;;;;3;;;;;;;;272,9077513085928;1002,730254023051979078143241269590611135;836,3110444424849
76;9999;;;1;;;;;4;;;;;;;3310,395852440751;955,734539925703144638064998789041563153;9830,9137276233086
76;9999;;;1;;;;;;5;;;;;;3339,3957647012218;1041,675596348221167508382491354705603658;9389,7190061759888
76;9999;;;1;;;;;;;6;;;;;157,0125963998975;1155,654314457763557925801682779429502336;574,1009372040399
76;9999;;;1;;;;;;;;7;;;;218,5636686596054;1522,184269850291183398746510137249566485;619,8772327751418
76;9999;;;1;;;;;;;;;9;;;1069,0177669786658;1178,186909174160061792222173226319844961;2987,651297809905
76;9999;;;1;;;;;;;;;;10;;170,742020668445;1650,817597467216096313179008307018142296;559,5879012430988
76;9999;;;1;;;;;;;;;;;8;80,1149768095694;1907,427433747423458225321560086360879567;172,4351751002366
76;9999;;;2;9999;;;;;;;;;;;20239,4243861250602;1233,643964316578415482303620096841819976;53603,3291058494472
76;9999;;;2;;1;;;;;;;;;;10368,8143512430883;1213,813598390996391815931544766388815043;28541,8017276138352
76;9999;;;2;;;2;;;;;;;;;16028,2506439590643;1340,980215559610817002524755409706472558;43637,2065048245345
76;9999;;;2;;;;3;;;;;;;;3021,9835667471623;1486,527211673854023967639398336848341937;8854,1783090162351
76;9999;;;2;;;;;4;;;;;;;16623,3258241473902;1319,120821130571993199800784209659411321;44772,1097560277888
76;9999;;;2;;;;;;5;;;;;;14540,6122342743607;1392,485574007514614055926724139295695135;38528,9111738517354
76;9999;;;2;;;;;;;6;;;;;1101,6525213678289;1898,745128195550268354963225193117919018;3018,2088392267255
76;9999;;;2;;;;;;;;7;;;;2045,2157766154607;2468,769872631473907891135994551210579454;4621,8273585497946
76;9999;;;2;;;;;;;;;9;;;5691,1907401416625;1495,251098566233475219873047220460007715;15252,734449482672
76;9999;;;2;;;;;;;;;;10;;1901,0725950736411;2536,445477019383674447354739176414725455;4728,98760259238
76;9999;;;2;;;;;;;;;;;8;1263,8589683013119;2826,586700306927555872507030371207326762;2721,2896152507695
76;9999;;;3;9999;;;;;;;;;;;39436,9220196937824;1360,922326795960971882609282257154208206;111265,9375133787901
76;9999;;;3;;1;;;;;;;;;;21740,6735055025572;1409,15001862257814596903810456172935032;62321,7385599809437
76;9999;;;3;;;2;;;;;;;;;32882,8150726922495;1441,193191851112041078526782377527046969;94246,9634099894462
76;9999;;;3;;;;3;;;;;;;;7837,7178607758232;1753,068478360918129604489455525288614593;22589,9641553131939
76;9999;;;3;;;;;4;;;;;;;34770,0471603385217;1386,970124274734989245878993636401019051;98097,5927789866392
76;9999;;;3;;;;;;5;;;;;;30150,8495914374078;1466,330511576262247533645381120075010355;85230,7546160781041
76;9999;;;3;;;;;;;6;;;;;3436,563805574373;2549,687602945153932485645527054726784474;10268,5782422163511
76;9999;;;3;;;;;;;;7;;;;6008,5750315424978;2269,730348550163881396707635571643605637;15184,2735952405429
76;9999;;;3;;;;;;;;;9;;;14274,539234536171;1500,019278620654458636425439542033286176;40642,2685829946742
76;9999;;;3;;;;;;;;;;10;;4527,5942485105993;2737,277631623373728296036016762263060695;12368,8477057429705
76;9999;;;3;;;;;;;;;;;8;4212,1011192312529;2470,876374049694806806826645846956362766;10500,600556606902
76;9999;;;4;9999;;;;;;;;;;;71976,4520530917534;1475,723837488459144983432244320194724227;232434,3952573613293
76;9999;;;4;;1;;;;;;;;;;45031,0907945319117;1491,588441193062827527665061321786663185;146288,2518897714346
76;9999;;;4;;;2;;;;;;;;;62368,7775595334019;1549,704332348680081589139017006209496821;204147,1452396417444
76;9999;;;4;;;;3;;;;;;;;16368,745036371965;2101,230966100016257110366261857629108801;53322,2315129673022
76;9999;;;4;;;;;4;;;;;;;65966,8842370191278;1518,361586298723912400531576265181807546;213333,957536835719
76;9999;;;4;;;;;;5;;;;;;54247,3621593559091;1654,156253744368000965944817761316862287;177181,6719760740977
76;9999;;;4;;;;;;;6;;;;;8074,23501601712;2506,988694354502654230476131407118587224;27151,7085366523404
76;9999;;;4;;;;;;;;7;;;;12492,5626275348741;2700,135977577290802459446930063104780846;38843,5561570137974
76;9999;;;4;;;;;;;;;9;;;29035,0140079952648;1576,544238652286419171713674850590824574;95858,9799591264032
76;9999;;;4;;;;;;;;;;10;;11824,6715367699954;2924,992432702772250576623188140991318408;37572,1787818650255
76;9999;;;4;;;;;;;;;;;8;8880,2575649050151;2856,651871457148642416113312146372443798;27138,2121568899363
76;9999;;;5;9999;;;;;;;;;;;120777,9021689155546;1824,346848777441892287515234326399389996;410878,0829169045212
76;9999;;;5;;1;;;;;;;;;;81478,2043912956512;1831,415454246209004585887072563130277292;278806,3582951503584
76;9999;;;5;;;2;;;;;;;;;111079,544221554046;1882,056424857785141213423844857380740229;379502,8779434176248
76;9999;;;5;;;;3;;;;;;;;34451,4452276207889;2456,808549609854649729208670762702434928;116658,9565475769405
76;9999;;;5;;;;;4;;;;;;;115750,6117029423065;1854,799161267897013831564212587852775141;393440,1477003640037
76;9999;;;5;;;;;;5;;;;;;101345,4167201422441;1958,078580431032472815089433812864814643;346904,0492230987933
76;9999;;;5;;;;;;;6;;;;;20398,2300772774205;2926,403634219671940147660954365078359157;70227,5488061563555
76;9999;;;5;;;;;;;;7;;;;31788,6183326133214;2974,359928375589417804482631530528823808;108115,732996166315
76;9999;;;5;;;;;;;;;9;;;55953,3291767661408;1872,742551866663684317800364507944626871;196945,562696458704
76;9999;;;5;;;;;;;;;;10;;29414,3550252650127;3175,905563784172006086559919713982724731;99506,3157601388834
76;9999;;;5;;;;;;;;;;;8;23799,6434745906625;3238,143616647450404295580555114527496319;80370,5715768848947
76;9999;;;6;9999;;;;;;;;;;;85039,0982232284426;2202,797588413491735137176962264537299691;309014,3005061570097
76;9999;;;6;;1;;;;;;;;;;61638,052000819209;2265,903082261232302855448094732294447296;224252,9475324148256
76;9999;;;6;;;2;;;;;;;;;79093,4077054653246;2266,400371238083811082568491867226575322;288883,1222873366992
76;9999;;;6;;;;3;;;;;;;;28026,0953622149377;2980,486295383653429694938783467922253916;101217,2018807613992
76;9999;;;6;;;;;4;;;;;;;82194,9948970004016;2237,896863759433221590209185308786203574;298204,5956557669587
76;9999;;;6;;;;;;5;;;;;;73247,0969242447793;2355,476596078925529947538509820262763904;269270,0102187201143
76;9999;;;6;;;;;;;6;;;;;19289,8717838212363;3361,931230921357766987688357537631263358;69388,3725028444066
76;9999;;;6;;;;;;;;7;;;;27680,6602999807276;3477,5699397231296747428499761742863519;102978,2312442651594
76;9999;;;6;;;;;;;;;9;;;43172,6385777821526;2264,369054579722965733545783021548960134;162529,4001815146404
76;9999;;;6;;;;;;;;;;10;;27032,8963231672992;3509,105959705757296431221716742012370561;97409,2284688545066
76;9999;;;6;;;;;;;;;;;8;21275,7162806649806;3775,93779709770610962590299839236722744;78608,1991278174054
76;9999;;;7;9999;;;;;;;;;;;45272,5746945101622;3072,849884995032511640460826157358835897;168808,2893497173113
76;9999;;;7;;1;;;;;;;;;;33417,3023085573666;3115,784982864413999766656547552146525793;125350,2060525465938
76;9999;;;7;;;2;;;;;;;;;42840,1414270200547;3148,447774022886323771759830834851984302;160399,1961900122916
76;9999;;;7;;;;3;;;;;;;;18517,8159052335397;4333,65686654098118459424652199253057892;67937,9040089304242
76;9999;;;7;;;;;4;;;;;;;44215,7413823398666;3114,475997181241924278097853187279288402;164844,6203719761812
76;9999;;;7;;;;;;5;;;;;;40563,0191278744096;3256,876528696698685019283159965553878132;152682,1288894068857
76;9999;;;7;;;;;;;6;;;;;14882,7460325966427;4724,181008049395320493142648999925233584;55829,5736643422488
76;9999;;;7;;;;;;;;7;;;;20458,8829497148202;4529,858557718651126835763698653977475561;78455,9226387625503
76;9999;;;7;;;;;;;;;9;;;23072,2512891417503;2895,194440867085728135541820637244382531;89040,1158928236896
76;9999;;;7;;;;;;;;;;10;;20065,4342059885397;4634,986232885161039276875831343693015725;74175,4509406691947
76;9999;;;7;;;;;;;;;;;8;16723,9169376172231;4856,453164366141514314621150135890271217;63419,5259579527767
76;9999;;;8;9999;;;;;;;;;;;23303,9241507414037;4373,12679977540841432396067220331570462;88654,4123377016077
76;9999;;;8;;1;;;;;;;;;;18041,3912921321556;4371,83120114808550031827301891070466331;68801,1741254077273
76;9999;;;8;;;2;;;;;;;;;22175,5683326043838;4479,502840251632239794535226287090930586;84758,8342386654583
76;9999;;;8;;;;3;;;;;;;;11642,5756211200013;5707,627779267532832928617059678352004207;43619,2149621849638
76;9999;;;8;;;;;4;;;;;;;23048,0320841573275;4404,214251187937446980700314236431009617;87733,3340995337845
76;9999;;;8;;;;;;5;;;;;;21479,5341328450668;4584,639150922142455774538863995622012717;82467,4106991847079
76;9999;;;8;;;;;;;6;;;;;9741,1572475293823;6243,502477184768304641271933460033056064;36583,2534909085922
76;9999;;;8;;;;;;;;7;;;;12815,9945235455757;5707,259711848564261572478299895541555765;49579,8129260097225
76;9999;;;8;;;;;;;;;9;;;12136,1716323446887;4158,36934503101934614609333681694697688;48031,0241164027777
76;9999;;;8;;;;;;;;;;10;;13282,3539161463421;6004,120136451471692141545634484014355532;50000,8104153040667
76;9999;;;8;;;;;;;;;;;8;10522,2427513386493;5941,436489828654506920248967300185463227;40316,5863315997642
76;9999;;;9;9999;;;;;;;;;;;10318,122431658327;5418,666671653659442873716889699433203125;40235,4110702525295
76;9999;;;9;;1;;;;;;;;;;8362,6294765995128;5167,139800108014214253799625831097227926;32681,0530728927719
76;9999;;;9;;;2;;;;;;;;;10011,089116724031;5511,873726645853250940422077536159579501;39156,4441101943903
76;9999;;;9;;;;3;;;;;;;;6036,7293017274741;7012,288615445061633291026658357209041207;23012,8581859798617
76;9999;;;9;;;;;4;;;;;;;10173,5282310461299;5453,092169548510682323966331074062133356;39628,0336686600214
76;9999;;;9;;;;;;5;;;;;;9709,3493694855643;5496,779316931496492174446932070722894341;38161,1858781599148
76;9999;;;9;;;;;;;6;;;;;5041,4580431371711;7467,863855855929269952668877248136102791;19545,6679567423178
76;9999;;;9;;;;;;;;7;;;;6351,335028178496;7066,658570389346966711418631816800236332;24911,1803203823772
76;9999;;;9;;;;;;;;;9;;;5173,7455594338145;4743,018689280900494901773114477668256594;21114,0868487002012
76;9999;;;9;;;;;;;;;;10;;6525,2299686652712;7269,906483954088303946820059281523590737;24812,0856250106621
76;9999;;;9;;;;;;;;;;;8;5429,5942128739539;7587,553262566657012548426168449170656222;20885,4683218708401
76;9999;;;10;9999;;;;;;;;;;;11206,5383636600465;9468,998382761248821368334736661866139032;45655,8026563421887
76;9999;;;10;;1;;;;;;;;;;8915,801711758325;9784,759654546208532493264465176601685466;36333,7926017534925
76;9999;;;10;;;2;;;;;;;;;10953,5686620861429;9613,462626738139810255672371494294526792;44704,1496707958122
76;9999;;;10;;;;3;;;;;;;;7974,5040617038084;11283,2819378577019177929629730188187058;32149,6515274257815
76;9999;;;10;;;;;4;;;;;;;11163,6798621475136;9497,699089832261163692811004006868945332;45499,9908551655069
76;9999;;;10;;;;;;5;;;;;;10805,4550408095103;9723,443919465132613982039636353492698385;44270,7073920591051
76;9999;;;10;;;;;;;6;;;;;7206,872617531563;11703,7555102717536967940300407381371383;28542,8477432177293
76;9999;;;10;;;;;;;;7;;;;8390,6469505504359;10612,9689019592835729285487316541019097;34286,2653689275682
76;9999;;;10;;;;;;;;;9;;;4812,1833334558135;6970,552957663097808711900870333839787779;21274,4019636585859
76;9999;;;10;;;;;;;;;;10;;8748,0459388720182;11184,2410649256763285754739933754799864;35116,587969796407
76;9999;;;10;;;;;;;;;;;8;7621,6350487782628;11182,807840583235101317558890414915722;31368,3045102325241
76;;1;9999;;9999;;;;;;;;;;;325313,5329849928247;2628,250687372717548437641752477570402514;1103867,3426099811819
76;;1;9999;;;1;;;;;;;;;;217000,1504344877044;2812,210281110654491086540943802382457296;750010,3017210596082
76;;1;9999;;;;2;;;;;;;;;305666,862026469402;2711,300304592767367791120236806876979755;1050196,2444712146954
76;;1;9999;;;;;3;;;;;;;;112551,6735145884943;4076,627193095194112323934137993680983111;394765,5812954791376
76;;1;9999;;;;;;4;;;;;;;316097,3542933301647;2668,542431244346545219917917904385493276;1079641,2840388127503
76;;1;9999;;;;;;;5;;;;;;291909,9956507565596;2788,417213214668776828975967531483126428;1005426,2293172217068
76;;1;9999;;;;;;;;6;;;;;85892,3361102967365;4649,000877990932968820005279037901144164;309907,6196635116851
76;;1;9999;;;;;;;;;7;;;;119918,7881974632096;4332,551203224644608391304003236907454331;427406,8861378956644
76;;1;9999;;;;;;;;;;9;;;131746,7184251668797;2767,666890250983495899207122505597156661;467372,4171375971364
76;;1;9999;;;;;;;;;;;10;;102881,5419114367511;4944,014704058799132705643815339724045472;365744,3929060980897
76;;1;9999;;;;;;;;;;;;8;95878,1621895196169;4727,965749864539773178497052252611427191;341409,1885323578363
76;;1;;1;9999;;;;;;;;;;;3769,9067873831541;1047,86069773309507040464231989634937255;10286,9281269558542
76;;1;;1;;1;;;;;;;;;;1584,1087082146408;942,182631032735478737756443578204840438;4540,7687413500565
76;;1;;1;;;2;;;;;;;;;2786,6419682393504;1098,313646688694948787049269233513618923;8306,276682768174
76;;1;;1;;;;3;;;;;;;;264,0365244282201;1020,712618011638882747124017077797459167;813,8576030031457
76;;1;;1;;;;;4;;;;;;;2671,3650172071791;1015,094585498270616591515858013545543447;8006,8994390284527
76;;1;;1;;;;;;5;;;;;;2736,3801168348529;1081,914468142937482490795525216373167238;7809,6032042351349
76;;1;;1;;;;;;;6;;;;;151,650859986935;1175,299913375597429307372080935781150449;568,7392007910774
76;;1;;1;;;;;;;;7;;;;208,7572640716097;1565,504017764477517961200594591303964309;600,2644235991504
76;;1;;1;;;;;;;;;9;;;637,0956975691776;1320,188317380327025290561924058919929281;1743,9981762196579
76;;1;;1;;;;;;;;;;10;;130,975296315494;1835,787881823513790050700403240503667043;458,2718801582497
76;;1;;1;;;;;;;;;;;8;80,1149768095694;1907,427433747423458225321560086360879567;172,4351751002366
76;;1;;2;9999;;;;;;;;;;;15881,6751146648676;1350,459029685778408981152751912973210101;41069,9559971512072
76;;1;;2;;1;;;;;;;;;;8046,9767251775335;1327,591387923597277091921257272855029598;21854,8018740261004
76;;1;;2;;;2;;;;;;;;;13651,8629434836787;1419,976307824310328662573487999594087096;36683,0036227024017
76;;1;;2;;;;3;;;;;;;;2606,6092120551172;1554,62872525766940484680063498493379837;7747,8398785224021
76;;1;;2;;;;;4;;;;;;;14083,734480737417;1392,117526148943819339870450012477851852;37561,8110610370285
76;;1;;2;;;;;;5;;;;;;12896,37491704411;1455,739307936033399619483283880927559447;33910,0963619731723
76;;1;;2;;;;;;;6;;;;;1036,8245364320298;1915,421593707872588341897174425247043066;2939,1366868820004
76;;1;;2;;;;;;;;7;;;;1993,3911534115331;2493,13421727625655111364316621149064341;4464,8498724338453
76;;1;;2;;;;;;;;;9;;;4150,6537032324627;1705,712828068028257008910571525801588773;10650,5728833651691
76;;1;;2;;;;;;;;;;10;;1649,1963923671426;2651,433087903403556852503633956485152994;4000,3879146006941
76;;1;;2;;;;;;;;;;;8;1260,9936261039739;2831,850655245930653385019672445204971305;2715,5589308560935
76;;1;;3;9999;;;;;;;;;;;30759,2571298656307;1457,348320217774526014498654136332842379;84254,3962462248456
76;;1;;3;;1;;;;;;;;;;16696,690282199481;1514,637672354637202623593866588525779297;46214,4785748152933
76;;1;;3;;;2;;;;;;;;;27618,0336378271601;1510,482029966533493491837155983182229798;76981,764962074026
76;;1;;3;;;;3;;;;;;;;6626,0141071284875;1815,075974581567902526041331008018221305;18855,8661973451187
76;;1;;3;;;;;4;;;;;;;28788,8841398074873;1466,374308717762986779726228407581114448;79473,5354185992986
76;;1;;3;;;;;;5;;;;;;26384,0136945177556;1530,593993388453857648940206006423488565;72998,6353999650838
76;;1;;3;;;;;;;6;;;;;3240,1555237090293;2467,418467699868004496304537008975029233;9776,1507746050522
76;;1;;3;;;;;;;;7;;;;5785,3446880539878;2310,898595095070756055136249996976241558;14569,5936514107822
76;;1;;3;;;;;;;;;9;;;10099,5576726860816;1719,983947485949921910057636834698853376;27294,9104936336535
76;;1;;3;;;;;;;;;;10;;3842,024269810845;2860,044627482662668424914207282171761731;10250,6153493476916
76;;1;;3;;;;;;;;;;;8;4111,9669270265833;2503,803038335818591103908320332438187908;10237,6294599214533
76;;1;;4;9999;;;;;;;;;;;50193,066857802633;1640,812875193522752808043208515144146762;160313,7232912555349
76;;1;;4;;1;;;;;;;;;;30771,8697752092863;1669,487523470071719290472836700903993565;98498,570469363205
76;;1;;4;;;2;;;;;;;;;46552,0862444177976;1688,88642925007869702267574533695261402;150691,3753182070357
76;;1;;4;;;;3;;;;;;;;12740,842882215441;2229,103295670497615385117840215731405908;41200,0509494150431
76;;1;;4;;;;;4;;;;;;;48676,1345370356663;1657,336269873375816567416831406757222659;156135,7380748144987
76;;1;;4;;;;;;5;;;;;;43099,707850020153;1746,101115670770048020543298676263347129;139262,9922908753718
76;;1;;4;;;;;;;6;;;;;7711,4082853773149;2534,284449133612988487173031146315598885;25949,191017798906
76;;1;;4;;;;;;;;7;;;;11519,240144693935;2678,283076600456274187668534759872285837;35698,3986452967922
76;;1;;4;;;;;;;;;9;;;17915,6545460223013;1886,65014819983797691328575326758612643;57754,79583969125
76;;1;;4;;;;;;;;;;10;;9270,9057246991041;3104,311906783653908105336024001891398561;29333,8982967406765
76;;1;;4;;;;;;;;;;;8;8439,5113961530935;2833,173479049412355931268510782781854809;25741,9858773578182
76;;1;;5;9999;;;;;;;;;;;91206,1046581000511;2018,06199370245895282451583449429700436;308239,2052988186236
76;;1;;5;;1;;;;;;;;;;60833,6070737156598;2041,12762103324425896577268081072360574;207045,6800273534709
76;;1;;5;;;2;;;;;;;;;86373,5172440483747;2054,852297099093609141847029868833181871;293643,5608467298009
76;;1;;5;;;;3;;;;;;;;28564,3684916783097;2654,787221669754487844992817708577896084;96505,3342542352086
76;;1;;5;;;;;4;;;;;;;89590,3574235120141;2032,590910967402564938339963054925653841;303316,7028923659482
76;;1;;5;;;;;;5;;;;;;82066,7429659928352;2108,142312928040571069051031322533789379;279643,0760002665106
76;;1;;5;;;;;;;6;;;;;19547,4702680767945;2946,305310821812423912780769950616811812;67506,2032553685171
76;;1;;5;;;;;;;;7;;;;29736,1667597367059;3025,769119215554930431512425423609901618;101143,9297456529456
76;;1;;5;;;;;;;;;9;;;38263,4475944596617;2150,490034558093605826322079230118181083;133410,0371670901207
76;;1;;5;;;;;;;;;;10;;24524,2422157188779;3425,09734121122358377239229749090245426;83528,2105582952175
76;;1;;5;;;;;;;;;;;8;22838,9714441006306;3258,14261714033241080975179073395964755;77204,3284697027636
76;;1;;6;9999;;;;;;;;;;;62206,3279464337353;2468,405435883290620072337715574884523328;225853,6383380429443
76;;1;;6;;1;;;;;;;;;;44834,5373451222728;2546,383559649229096865741767820728128224;163056,3448286185075
76;;1;;6;;;2;;;;;;;;;59505,2893186882451;2505,78763923737685976902769488036219075;217225,8709113762131
76;;1;;6;;;;3;;;;;;;;22792,618942663715;3205,178238150786412492191560819748516209;81907,0992748242091
76;;1;;6;;;;;4;;;;;;;61427,0628460107886;2482,483315386372053446620406012960904823;222886,284435989516
76;;1;;6;;;;;;5;;;;;;56848,7255088541337;2568,594680038704981050605697799187612143;209101,2474824198101
76;;1;;6;;;;;;;6;;;;;18543,2651274462585;3397,095099107905399411094490269534724612;66841,5088962668844
76;;1;;6;;;;;;;;7;;;;25566,0886880200839;3515,38027720392533613081644817697435563;95076,5437305119123
76;;1;;6;;;;;;;;;9;;;28140,6488110721291;2658,834308868544019770368822628905558184;106042,7736955006405
76;;1;;6;;;;;;;;;;10;;21570,5857773102937;3802,214101926872576568551181390015292133;77996,5732784134572
76;;1;;6;;;;;;;;;;;8;20319,6607847028489;3765,175970128915124259904040075266796409;74982,6764368215306
76;;1;;7;9999;;;;;;;;;;;34294,3684545568582;3504,879646136772416498270586824176970392;128750,1422046485895
76;;1;;7;;1;;;;;;;;;;25206,7669484693282;3558,892834406399665683739965223565828354;95214,0939147481903
76;;1;;7;;;2;;;;;;;;;33184,4575520759822;3547,052213892973860782232179653357266308;124979,2140048821424
76;;1;;7;;;;3;;;;;;;;15875,9978831533006;4702,924626249392866900093950073531605131;58502,9811332503305
76;;1;;7;;;;;4;;;;;;;34017,7625111870045;3517,68751112820255333415882243693350642;127754,8810487188871
76;;1;;7;;;;;;5;;;;;;32262,4166771288544;3616,287648857542803013344474778615088237;122249,8932892270409
76;;1;;7;;;;;;;6;;;;;14402,3190559996815;4810,047557061071271600561877678764067713;54233,750274288723
76;;1;;7;;;;;;;;7;;;;19086,0897441239511;4669,421434887705109581616697190761049091;73101,9713902064543
76;;1;;7;;;;;;;;;9;;;15712,7803939189743;3420,133940324597071168648238215133393632;61079,2780068408167
76;;1;;7;;;;;;;;;;10;;16819,1755165005629;5082,197201570010782400722219190748679495;62751,2483431128236
76;;1;;7;;;;;;;;;;;8;16086,4826727467877;4937,417784194057706861938134155303369058;61055,6970867516317
76;;1;;8;9999;;;;;;;;;;;18598,3152278569257;4945,361113953160713403629632352724897427;71148,9250941557523
76;;1;;8;;1;;;;;;;;;;14198,5447855790557;4969,445625472504637582130991343816987602;54223,5745230786546
76;;1;;8;;;2;;;;;;;;;17902,1136513465575;5032,411356222526225074734996036567309502;68743,1756445634602
76;;1;;8;;;;3;;;;;;;;10257,1204252889394;6099,181686522621526538737664249936215654;38434,865467733264
76;;1;;8;;;;;4;;;;;;;18515,1350876095013;4955,65634007342411219708136867586728235;70809,1543464057892
76;;1;;8;;;;;;5;;;;;;17756,3265079513075;5075,388043095498296909805143284780190354;68198,2977513220365
76;;1;;8;;;;;;;6;;;;;9388,0083340782463;6321,688956099626630490626680432454894919;35299,0548666442832
76;;1;;8;;;;;;;;7;;;;12009,6609531017011;5828,456891909386385455126037334868439343;46421,2580712551045
76;;1;;8;;;;;;;;;9;;;8860,0358818494538;4886,016748277974917358196503464633544522;35239,7744367317572
76;;1;;8;;;;;;;;;;10;;11322,7249843157125;6527,16262261049100939720266168708753782;43014,5987698552235
76;;1;;8;;;;;;;;;;;8;10107,5494101532071;6006,998101273805244440386464807249185324;38680,709743079958
76;;1;;9;9999;;;;;;;;;;;8506,7670536056566;5987,941325229736454446892869455378042326;33461,057242819858
76;;1;;9;;1;;;;;;;;;;6928,0708524802832;5626,951758720793612298921872709727080953;27302,2153893886344
76;;1;;9;;;2;;;;;;;;;8329,1990867407357;6057,024453262773456042623666505172059055;32913,2206868873109
76;;1;;9;;;;3;;;;;;;;5382,8950445774728;7511,107516604063510677211887527822389976;20632,7636638152534
76;;1;;9;;;;;4;;;;;;;8429,1744954997941;6003,007047309433191665861274409556918733;33206,906551945359
76;;1;;9;;;;;;5;;;;;;8189,819718352856;6067,238746557124330028486634069698617052;32457,194711948229
76;;1;;9;;;;;;;6;;;;;4864,0493652804414;7618,51151238707756966813814901602459417;18893,2348563920374
76;;1;;9;;;;;;;;7;;;;6014,0120066306159;7277,980285268753019200904563827520946866;23652,7457543397289
76;;1;;9;;;;;;;;;9;;;3962,6500978166371;5297,474841526789416197249251817043624031;16408,281177401193
76;;1;;9;;;;;;;;;;10;;5670,5266399375339;7764,739538611997772431396409779053053046;21922,1537632969398
76;;1;;9;;;;;;;;;;;8;5241,8331547423002;7707,101281560964831517611385112680518047;20229,4576986327957
76;;1;;10;9999;;;;;;;;;;;9897,7437547233124;10275,2906216469513026209883934542286994;40489,3707699079723
76;;1;;10;;1;;;;;;;;;;7898,9779383201631;10612,2166352628300357183100441002035787;32059,7733783174953
76;;1;;10;;;2;;;;;;;;;9763,66037960152;10357,8563928000622731720794260782768245;40028,7817910241305
76;;1;;10;;;;3;;;;;;;;7441,170001399491;11764,2966675025443097389519069473113041;30164,9228733351624
76;;1;;10;;;;;4;;;;;;;9897,7437547233124;10275,2906216469513026209883934542286994;40489,3707699079723
76;;1;;10;;;;;;5;;;;;;9669,4876940597013;10453,8301137224627050269061687176885471;39795,1928249893169
76;;1;;10;;;;;;;6;;;;;7007,1847539100053;11894,2001758538839136716613433032519498;27900,649834474204
76;;1;;10;;;;;;;;7;;;;8000,0367956190861;10912,2760149734969487557858376866228768;32677,3308531889487
76;;1;;10;;;;;;;;;9;;;4004,1940265400005;7594,499576921997592858986209090695800763;17747,9952611228778
76;;1;;10;;;;;;;;;;10;;8081,1850944611845;11735,7584987346408464704216597344728288;32488,4347522771162
76;;1;;10;;;;;;;;;;;8;7391,0777969806223;11353,956153899306921645627294664988421;30388,7096541335551
76;;2;9999;;9999;;;;;;;;;;;107647,4115216970974;1354,283855193047140841180007216219959479;371300,6987346694797
76;;2;9999;;;1;;;;;;;;;;74348,4707526946616;1406,693076711930570508721679790354736037;259782,5668045368337
76;;2;9999;;;;2;;;;;;;;;85217,1514812728014;1446,995614681994097407477640298474173887;299733,5966048544924
76;;2;9999;;;;;3;;;;;;;;21598,8461802355991;1909,939203348389203975358026143121003831;75432,8908391194494
76;;2;9999;;;;;;4;;;;;;;91119,8869402491717;1419,243274961444885006837008522154581055;315744,0121121271617
76;;2;9999;;;;;;;5;;;;;;67518,0954144139142;1535,872478469740052240807426429529942231;238660,3197555877403
76;;2;9999;;;;;;;;6;;;;;3437,4636309558988;2802,253263074195837653500318728324764713;11222,241055999422
76;;2;9999;;;;;;;;;7;;;;8332,2669914726052;2851,769549458202451175438617065522402353;30189,7937001973049
76;;2;9999;;;;;;;;;;9;;;62643,3628934092448;1440,190166405652713924253912200016785465;226303,8088513751168
76;;2;9999;;;;;;;;;;;10;;20610,8538676904128;2413,522993604347134994959915619499343218;70505,6882651191056
76;;2;9999;;;;;;;;;;;;8;3930,9191455912646;3500,238794615716836423776411966527591676;14092,0047978482133
76;;2;;1;9999;;;;;;;;;;;1620,0792276822354;782,324012146068524057386782394870559968;4331,1525040300727
76;;2;;1;;1;;;;;;;;;;770,5526465279478;807,585696405187360126738731143466303428;1874,7759267144024
76;;2;;1;;;2;;;;;;;;;664,2087978641543;682,500681646824492753542276920050490039;2187,6247984230123
76;;2;;1;;;;3;;;;;;;;8,8712268803727;467,516697592151935449925610927201618905;22,4534414393392
76;;2;;1;;;;;4;;;;;;;639,0308352335719;707,589473335260876563309781546679612159;1824,0142885948559
76;;2;;1;;;;;;5;;;;;;603,0156478663689;859,078595602845593016623375791673817381;1580,1158019408539
76;;2;;1;;;;;;;6;;;;;5,3617364129625;600;5,3617364129625
76;;2;;1;;;;;;;;7;;;;9,8064045879957;600;19,6128091759914
76;;2;;1;;;;;;;;;9;;;431,9220694094882;968,731332290581337154893030702836653769;1243,6531215902471
76;;2;;1;;;;;;;;;;10;;39,766724352951;1041,601269058978031088621857541994828608;101,3160210848491
76;;2;;2;9999;;;;;;;;;;;4357,7492714601926;807,915267890148305870701879749282720523;12533,37310869824
76;;2;;2;;1;;;;;;;;;;2321,8376260655548;819,484893432221129750969687439892117733;6686,9998535877348
76;;2;;2;;;2;;;;;;;;;2376,3877004753856;887,163767825627370960535369241097871855;6954,2028821221328
76;;2;;2;;;;3;;;;;;;;415,3743546920451;1059,168058039833416044308021024993880963;1106,338430493833
76;;2;;2;;;;;4;;;;;;;2539,5913434099732;914,30521403882196330349486290329650091;7210,2986949907603
76;;2;;2;;;;;;5;;;;;;1644,2373172302507;896,362624420609573096872822871069690436;4618,8148118785631
76;;2;;2;;;;;;;6;;;;;64,8279849357991;1632,030550513371226491983281215499285362;79,0721523447251
76;;2;;2;;;;;;;;7;;;;51,8246232039276;1531,61556120565314832445663965079950841;156,9774861159493
76;;2;;2;;;;;;;;;9;;;1540,5370369091998;928,206142154178609760245477695679861427;4602,1615661175029
76;;2;;2;;;;;;;;;;10;;251,8762027064985;1783,547223833396359861505382919765636395;728,5996879916859
76;;2;;2;;;;;;;;;;;8;2,865342197338;510;5,730684394676
76;;2;;3;9999;;;;;;;;;;;8677,6648898281517;1019,126237257980202247494320927837543898;27011,5412671539445
76;;2;;3;;1;;;;;;;;;;5043,9832233030762;1059,962758279808382201480042233325999789;16107,2599851656504
76;;2;;3;;;2;;;;;;;;;5264,7814348650894;1077,717236491398787821739176396465834546;17265,1984479154202
76;;2;;3;;;;3;;;;;;;;1211,7037536473357;1413,990099285992355745086677303627443817;3734,0979579680752
76;;2;;3;;;;;4;;;;;;;5981,1630205310344;1004,77725337330291693357993601183044478;18624,0573603873406
76;;2;;3;;;;;;5;;;;;;3766,8358969196522;1016,210402660240011934574709833959305573;12232,1192161130203
76;;2;;3;;;;;;;6;;;;;196,4082818653437;3906,884918985694196522799040802327187394;492,4274676112989
76;;2;;3;;;;;;;;7;;;;223,23034348851;1202,794318514744351588270582040067635284;614,6799438297607
76;;2;;3;;;;;;;;;9;;;4174,9815618500894;967,91013604185500681742079252444939096;13347,3580893610207
76;;2;;3;;;;;;;;;;10;;685,5699786997543;2049,275250717302317207054856089977986339;2118,2323563952789
76;;2;;3;;;;;;;;;;;8;100,1341922046696;1118,757266870893297790239492805722136383;262,9710966854487
76;;2;;4;9999;;;;;;;;;;;21783,3851952891204;1095,327263093192063776641630159819237463;72120,6719661057944
76;;2;;4;;1;;;;;;;;;;14259,2210193226254;1107,676347710594860613214978378246096552;47789,6814204082296
76;;2;;4;;;2;;;;;;;;;15816,6913151156043;1140,060061650875999372368963483546169633;53455,7699214347087
76;;2;;4;;;;3;;;;;;;;3627,902154156524;1652,155662849684051299283209266627590241;12122,1805635522591
76;;2;;4;;;;;4;;;;;;;17290,7496999834615;1127,126358659740316059441547246337680432;57198,2194620212203
76;;2;;4;;;;;;5;;;;;;11147,6543093357561;1298,673694151569099735623704492849461028;37918,6796851987259
76;;2;;4;;;;;;;6;;;;;362,8267306398051;1926,853076485099414572193511072616599744;1202,5175188534344
76;;2;;4;;;;;;;;7;;;;973,3224828409391;2958,764354757715255259013132695947764312;3145,1575117170052
76;;2;;4;;;;;;;;;9;;;11119,3594619729635;1076,897620775235784316807948004683489392;38104,1841194351532
76;;2;;4;;;;;;;;;;10;;2553,7658120708913;2274,01107374317103931374531961221880686;8238,280485124349
76;;2;;4;;;;;;;;;;;8;440,7461687519216;3306,221656373357886993800341422372745841;1396,2262795321181
76;;2;;5;9999;;;;;;;;;;;29571,7975108155035;1226,885575906616893865936600953453511293;102638,8776180858976
76;;2;;5;;1;;;;;;;;;;20644,5973175799914;1213,454863557608639732055548932638426686;71760,6782677968875
76;;2;;5;;;2;;;;;;;;;24706,0269775056713;1277,953334372053448364076440192913766249;85859,3170966878239
76;;2;;5;;;;3;;;;;;;;5887,0767359424792;1496,206879907519988218781810650129583222;20153,6222933417319
76;;2;;5;;;;;4;;;;;;;26160,2542794302924;1245,920278349134728015710155703214479424;90123,4448079980555
76;;2;;5;;;;;;5;;;;;;19278,6737541494089;1319,277285259012561057443823070891958494;67260,9732228322827
76;;2;;5;;;;;;;6;;;;;850,759809200626;2469,133053900708678667866432596818438909;2721,3455507878384
76;;2;;5;;;;;;;;7;;;;2052,4515728766155;2229,537350341372977428683592201641393213;6971,8032505133694
76;;2;;5;;;;;;;;;9;;;17689,8815823064791;1271,971076997867309708691012367063968306;63535,5255293685833
76;;2;;5;;;;;;;;;;10;;4890,1128095461348;1926,192163337338087636373693107644335407;15978,1052018436659
76;;2;;5;;;;;;;;;;;8;960,6720304900319;2762,688324236680078076680978885099500839;3166,2431071821311
76;;2;;6;9999;;;;;;;;;;;22832,7702767947073;1479,167093096648087968364849279863979884;83160,6621681140654
76;;2;;6;;1;;;;;;;;;;16803,5146556969362;1517,535095224278651445479581957163053575;61196,6027037963181
76;;2;;6;;;2;;;;;;;;;19588,1183867770795;1539,183577861736706664551530593014235466;71657,2513759604861
76;;2;;6;;;;3;;;;;;;;5233,4764195512227;2001,91728686651443606261243248846086105;19310,1026059371901
76;;2;;6;;;;;4;;;;;;;20767,932050989613;1514,462903243618183353617688609342129388;75318,3112197774427
76;;2;;6;;;;;;5;;;;;;16398,3714153906456;1616,653749035012957902073956778504249894;60168,7627363003042
76;;2;;6;;;;;;;6;;;;;746,6066563749778;2488,575863510547082194395516241321048429;2546,8636065775222
76;;2;;6;;;;;;;;7;;;;2114,5716119606437;3020,426546758681220110032710352595275623;7901,6875137532471
76;;2;;6;;;;;;;;;9;;;15031,9897667100235;1525,91005072281107817650254169514088316;56486,6264860139999
76;;2;;6;;;;;;;;;;10;;5462,3105458570055;2351,626122056456184834863822098475199877;19412,6551904410494
76;;2;;6;;;;;;;;;;;8;956,0554959621317;4004,665809596011183410972860823093624667;3625,5226909958748
76;;2;;7;9999;;;;;;;;;;;10978,206239953304;1723,24982392057047316664320188750521879;40058,1471450687218
76;;2;;7;;1;;;;;;;;;;8210,5353600880384;1755,42102887055240310077451019160494467;30136,1121377984035
76;;2;;7;;;2;;;;;;;;;9655,6838749440725;1778,532158903956276542566594192307729544;35419,9821851301492
76;;2;;7;;;;3;;;;;;;;2641,8180220802391;2114,543315778230781722988398359200443673;9434,9228756800937
76;;2;;7;;;;;4;;;;;;;10197,9788711528621;1769,468942692878815941526663822959861961;37089,7393232572941
76;;2;;7;;;;;;5;;;;;;8300,6024507455552;1859,933188038180395509190638034961699921;30432,2356001798448
76;;2;;7;;;;;;;6;;;;;480,4269765969612;2150,059455043303344910431472645397280047;1595,8233900535258
76;;2;;7;;;;;;;;7;;;;1372,7932055908691;2589,501053217297877458858123291755522393;5353,951248556096
76;;2;;7;;;;;;;;;9;;;7359,470895222776;1774,426495385599578903420293804995289764;27960,8378859828729
76;;2;;7;;;;;;;;;;10;;3246,2586894879768;2317,943601756739070659526262376864595269;11424,2025975563711
76;;2;;7;;;;;;;;;;;8;637,4342648704354;2813,205686554390403528346520369420061805;2363,828871201145
76;;2;;8;9999;;;;;;;;;;;4705,608922884478;2111,444128375129584902428093238104032341;17505,4872435458554
76;;2;;8;;1;;;;;;;;;;3842,8465065530999;2163,766123917277688566092861316554207178;14577,5996023290727
76;;2;;8;;;2;;;;;;;;;4273,4546812578263;2163,289886100235048553064313706066671246;16015,6585941019981
76;;2;;8;;;;3;;;;;;;;1385,4551958310619;2808,785873882967716222436534382132127417;5184,3494944516998
76;;2;;8;;;;;4;;;;;;;4532,8969965478262;2151,786107225229938903736284777500817781;16924,1797531279953
76;;2;;8;;;;;;5;;;;;;3723,2076248937593;2244,211637671616997866021226786992466301;14269,1129478626714
76;;2;;8;;;;;;;6;;;;;353,148913451136;4165,015788689020700607366607442439043228;1284,198624264309
76;;2;;8;;;;;;;;7;;;;806,3335704438746;3902,129559322184777706438491292711150861;3158,554854754618
76;;2;;8;;;;;;;;;9;;;3276,1357504952349;2190,507634438577833537445556236754384705;12791,2496796710205
76;;2;;8;;;;;;;;;;10;;1959,6289318306296;2981,983583099546722584826313547651309455;6986,2116454488432
76;;2;;8;;;;;;;;;;;8;414,6933411854422;4343,467192330829127845455128029792841687;1635,8765885198062
76;;2;;9;9999;;;;;;;;;;;1811,3553780526704;2745,151067719570278220016495083407339627;6774,3538274326715
76;;2;;9;;1;;;;;;;;;;1434,5586241192296;2946,51962151968793785178640078016543167;5378,8376835041375
76;;2;;9;;;2;;;;;;;;;1681,8900299832953;2812,131856888293282783632335819789444308;6243,2234233070794
76;;2;;9;;;;3;;;;;;;;653,8342571500013;2905,605978633690529031387532280377486177;2380,0945221646083
76;;2;;9;;;;;4;;;;;;;1744,3537355463358;2795,759331684372493069333214401591190358;6421,1271167146624
76;;2;;9;;;;;;5;;;;;;1519,5296511327083;2422,170090460887730438956319387141628788;5703,9911662116858
76;;2;;9;;;;;;;6;;;;;177,4086778567297;3337,526789012601232054004045375653922534;652,4331003502804
76;;2;;9;;;;;;;;7;;;;337,3230215478801;3299,078982388628231872203366336607166907;1258,4345660426483
76;;2;;9;;;;;;;;;9;;;1211,0954616171774;2928,862996716091128039125182910536580185;4705,8056712990082
76;;2;;9;;;;;;;;;;10;;854,7033287277373;3986,938084923585315220089228881630561306;2889,9318617137223
76;;2;;9;;;;;;;;;;;8;187,7610581316537;4250,062646654533249041119463604189802097;656,0106232380444
76;;2;;10;9999;;;;;;;;;;;1308,7946089367341;3371,422859894308718161741256020369889932;5166,4318864342164
76;;2;;10;;1;;;;;;;;;;1016,8237734381619;3356,837131167975980058926519042959712996;4274,0192234359972
76;;2;;10;;;2;;;;;;;;;1189,9082824846229;3505,422177313770920964046308189939199356;4675,3678797716817
76;;2;;10;;;;3;;;;;;;;533,3340603043174;4572,080379828289287242675927463653254607;1984,7286540906191
76;;2;;10;;;;;4;;;;;;;1265,9361074242012;3418,086001455752729453721115217749420318;5010,6200852575346
76;;2;;10;;;;;;5;;;;;;1135,967346749809;3506,310709175926506221515739147445093149;4475,5145670697882
76;;2;;10;;;;;;;6;;;;;199,6878636215577;5020,920945725258957742380218277206757439;642,1979087435253
76;;2;;10;;;;;;;;7;;;;390,6101549313498;4482,898070275304884492861521691395458053;1608,9345157386195
76;;2;;10;;;;;;;;;9;;;807,989306915813;3878,428712537869668518305816865903909548;3526,4067025357081
76;;2;;10;;;;;;;;;;10;;666,8608444108337;4500,816025373180486027520278514831412343;2628,1532175192908
76;;2;;10;;;;;;;;;;;8;230,5572517976405;5696,229176593248228257081303371836007178;979,594856098969
